{
    "index":[
        {
            "id": 1,
            "locations":[
                "north_carolina-usa",
                "georgia-usa",
                "los_angeles-usa",
                "saitama-japan",
                "osaka-japan",
                "nagoya-japan",
                "penrose-new_zealand",
                "dunedin-new_zealand"
                
            ]
        },
        {
            "id": 2,
            "locations":[
                "playa_del_carmen-mexico",            
                "papeete-french_polynesia",
                "noumea-new_caledonia"
            ]
        },
        {
            "id":3,
            "locations":[
                "london-uk",
                "lausanne-switzerland",
                "lyon-france"
            ]
        },
        {
            "id":4,
            "locations":[
                "victoria-australia",
                "new_south_wales-australia",
                "queensland-australia",
                "auckland-new_zealand",
                "yogyakarta-indonesia",
                "bratislava-slovakia",
                "budapest-hungary",
                "minsk-belarus"
            ]
        },
        {
            "id":5,
            "locations":[
                "california-usa",
                "nevada-usa",
                "georgia-usa"
            ]
        },
        {
            "id":6,
            "locations":[
                "california-usa",
                "sao_paulo-brazil",
                "san_isidro-argentina"           
            ]
        },
        {
            "id":7,
            "locations":[
                "california-usa",
                "arizona-usa",
                "texas-usa"
            ]
        },
        {
            "id":8,
            "locations":[
                "stockholm-sweden",
                "werchter-belgium",
                "lisbon-portugal",
                "bilbao-spain",
                "georgia-usa",
                "bogota-colombia",
                "sao_paulo-brazil"        
            ]
        },
        {
            "id":9,
            "locations":[
                "new york-usa",
                "dusseldorf-germany",
                "aarhus-denmark",
                "manchester-uk"
            ]
        },
        {
            "id":10,
            "locations":[
                "frankfurt-germany",
                "berlin-germany",
                "stockholm-sweden",
                "copenhagen-denmark",
                "werchter-belgium"
            ]
        },
        {
            "id":11,
            "locations":[
                "doha-qatar",
                "minnesota-usa",
                "illinois-usa",
                "california-usa",
                "mumbai-india"   
            ]
        },
        {
            "id":12,
            "locations":[
                "abu_dhabi-united_arab_emirates",
                "new york-usa",
                "pensilvania-usa"
            ]
        },
        {
            "id":13,
            "locations":[
                "westcliff_on_sea-uk",
                "merkers-germany",
                "illinois-usa"
            ]
        },
        {
            "id":14,
            "locations":[
                "nevada-usa",
                "arizona-usa",
                "california-usa"
            ]
        },
        {
            "id":15,
            "locations":[
                "london-uk",
                "new_york-usa",
                "maine-usa"
            ]
        },
        {
            "id":16,
            "locations":[
                "berlin-germany",
                "copenhagen-denmark",
                "aarhus-denmark",
                "gothenburg-sweden"
            ]
        },
        {
            "id":17,
            "locations":[
                "florida-usa",
                "south_carolina-usa",
                "north_carolina-usa"

            ]
        },
        {
            "id":18,
            "locations":[
                "pagney_derriere_barine-france",
                "hamburg-germany",
                "boulogne_billancourt-france",
                "nîmes-france",
                "sion-switzerland",
                "ostrava-czech_republic",
                "klagenfurt-austria",
                "freyming_merlebach-france"       
            ]
        },
        {
            "id":19,
            "locations":[
                "nevada-usa",
                "london-uk",
                "manchester-uk"
            ]
        },
        {
            "id":20,
            "locations":[
                "zaragoza,spain",
                "madrid-spain",
                "barcelona-spain"
            ]
        },
        {
            "id":21,
            "locations":[
                "rio_de_janeiro-brazil",
                "recife-brazil"
            ]
        },
        {
            "id":22,
            "locations": [
                "california-usa",
                "leipzig-germany",
                "salem-germany",
                "monchengladbach-germany",
                "cuxhaven-germany",
                "skanderborg-denmark",
                "amsterdam-netherlands",
                "burriana-spain",
                "oulu-finland",
                "budapest-hungary",
                "napoca-romania"
            ],
            "dates":"http://localhost:8080/api/dates/22"
        },
        {
            "id":23,
            "locations": [
                "riyadh-saudi arabia",
                "rio_de_janeiro-brazil",
                "canton-usa",
                "quebec-canada",
                "new_york-usa",
                "california-usa",
                "las_vegas-usa",
                "mexico_city-mexico",
                "monterrey-mexico",
                "del_mar-usa",
                "napoca-germany",
                "lisbon-portugal"
            ],
            "dates":"http://localhost:8080/api/dates/23"
        },
        {
            "id": 24,
            "locations": [
                "washington-usa",
                "west_melbourne-australia",
                "amsterdam-netherlands",
                "paris-france",
                "manchester-uk",
                "missouri-usa",
                "chicago-usa",
                "birmingham-uk",
                "copenhagen-denmark"
            ],
            "dates":"http://localhost:8080/api/dates/24"
        },
        {
            "id": 25,
            "locations": [
                "west_melbourne-australia",
                "sydney-australia",
                "madison-usa",
                "toronto-canada",
                "cleveland-usa",
                "new_yourk-us",
                "boston-usa",
                "texas-usa",
                "utah-usa",
                "california-usa"
            ],
            "dates":"http://localhost:8080/api/dates/25"
        },
        {
            "id": 26,
            "locations": [
                "manchester-uk",
                "glasgow-uk",
                "dublin-ireland",
                "cardiff-uk",
                "london-uk",
                "aberdeen-uk",
                "stockholm-sweden",
                "madrid-spain",
                "paris-france",
                "warsaw-poland",
                "berlin-germany",
                "milan-italy"
            ],
            "dates":"http://localhost:8080/api/dates/26"
        },
        {
            "id": 27,
            "locations": [
                "michican-usa",
                "new_hampshire-usa",
                "new_your-usa",
                "warsaw-poland",
                "sochaux-france",
                "lyon-france",
                "eindhoven-netherlands",
                "oslo-norway",
                "amsterdam-netherlands",
                "colorada-usa"
            ],
            "dates":"http://localhost:8080/api/dates/27"
        },
        {
            "id": 28,
            "locations": [
                "jakarta-indonesia",
                "huizhou-china",
                "texas-usa",
                "michigan-usa",
                "changzhou-china",
                "hong_kong-china",
                "colorada-usa",
                "sanya-china",
                "aalborg-denmark",
                "washingtono-usa",
                "new_your-usa",
                "toronto-canada",
                "seattle-usa"
            ],
            "dates":"http://localhost:8080/api/dates/28"
        },
        {
            "id": 29,
            "locations": [
                "omaha-usa",
                "kansas_city-usa",
                "st_louis-usa",
                "indianapolis-usa",
                "rosemont-usa",
                "grand_rapids-usa",
                "toronto-usa",
                "montreals-usa",
                "newark-usa",
                "uniondale-usa",
                "philadelphia-usa",
                "hershey-usa",
                "pittburgh-usa",
                "washigdon-usa",
                "columbia-usa"
            ],
            "dates":"http://localhost:8080/api/dates/29"
        },
        {
            "id": 30,
            "locations": [
                "santiago-chile",
                "sao_paulo-usa",
                "los_angeles-usa",
                "houston-usa",
                "atlanta-usa",
                "new_orland-usa",
                "philadelphia-usa",
                "london-usa",
                "frauenfeld-switzerland",
                "turku-filand"
            ],
            "dates":"http://localhost:8080/api/dates/30"
        },
        {
            "id": 31,
            "locations": [
                "las_vegas-usa",
                "brooklyn-usa",
                "boston-usa",
                "washington-usa",
                "philadelphia-usa",
                "montreal-canada",
                "toronto-usa",
                "new_york-usa"
            ],
            "dates":"http://localhost:8080/api/dates/31"
        },
        {
            "id": 32,
            "locations": [
                "frankfurt-germany",
                "berlin-germany",
                "stockholm-sweden",
                "copenhagen-denmark",
                "imola-italy",
                "vienna-austria",
                "london-uk",
                "krakow-poland",
                "budapest-hungary",
                "zurich-switzerland"
            ],
            "dates":"http://localhost:8080/api/dates/32"
        },
        {
            "id": 33,
            "locations": [
                "philadelphia-usa",
                "paris-france",
                "amityville-usa",
                "chicago-usa",
                "minneapolis-usa",
                "detroit-usa"
            ],
            "dates":"http://localhost:8080/api/dates/33"
        },
        {
            "id": 34,
            "locations": [
                "oakland-usa",
                "charlotte-usa",
                "los_angeles-usa",
                "berlin-germany",
                "houston-usa",
                "chicago-usa",
                "inglewood-usa",
                "madrid-spain"
            ],
            "dates":"http://localhost:8080/api/dates/34"
        },
        {
            "id": 35,
            "locations": [
                "windsor-canada",
                "brooklyn-usa",
                "birmingham-uk",
                "cincinnati-usa",
                "anaheim-usa",
                "chicago-usa"
            ],
            "dates":"http://localhost:8080/api/dates/35"
        },
        {
            "id": 36,
            "locations": [
                "manila-philippine",
                "mumbai-india",
                "auckland-new_zealand",
                "brisbane-australia",
                "melbourne-australia",
                "sydney-australia"
            ],
            "dates":"http://localhost:8080/api/dates/36"
        },
        {
            "id": 37,
            "locations": [
                "bogota-colombia",
                "rio_de_janeiro-brazil",
                "sao_paulo-brazil",
                "santiago-chile",
                "san_isidro-argentina",
                "lima-peru"
            ],
            "dates":"http://localhost:8080/api/dates/37"
        },
        {
            "id": 38,
            "locations": [
                "paris-france",
                "groningen-netherlands",
                "antwerp-belgium",
                "vienna-austria",
                "glasgow-australia",
                "londom-uk"
            ],
            "dates":"http://localhost:8080/api/dates/38"
        },
        {
            "id": 39,
            "locations": [
                "mexico_city-mexico",
                "pico_rivera-usa",
                "chicago-usa",
                "boston-usa",
                "philadelphia-usa"
            ],
            "dates":"http://localhost:8080/api/dates/39"
        },
        {
            "id": 40,
            "locations": [
                "london-uk",
                "berwyn-usa",
                "georgia-usa",
                "new_yotk-usa",
                "dallas-usa",
                "houston-usa"
            ],
            "dates":"http://localhost:8080/api/dates/40"
        },
        {
            "id":41,
            "locations": [
                "california-usa",
                "birmingham-uk",
                "brixton-uk",
                "london-uk",
                "rotselaar-belgium"
            ],
           "dates": "http://locahost/api/dates/43"
        },
        {
            "id":42,
            "locations": [
                "dana_point-california",
                "rio_de_janeiro",
                "los_angeles-california",
                "gulf_shores-alabama",
                "boston-massachusetts ",
                "athens-grece",
                "florence-italia",
                "landgraaf-netherlands"
            ],
             "dates": "http://locahost/api/dates/44"
        },
        {
            "id":43,
            "locations": [
                "sydney-australia",
                "melbourne-australia",
                "burswood-australia",
                "wellington-new_zealand",
                "abu_dhabi-united_arab_emirates"
            ],
             "dates": "http://locahost/api/dates/45"
        },
        {
            "id":44,
            "locations": [
                "madrid-spain",
                "seville-spain",
                "los_Angeles-california-usa",
                "bangkok-thailand",
                "manila-philippines",
                "taipei-taiwan",
                "hong_kong-china",
                "seoul-korea"
            ],
            "dates": "http://locahost/api/dates/46"
        },
        {
            "id":45,
            "locations": [
                "munich-germany",
                "mannheim-germany",
                "san_francisco-california-usa",
                "santiago-chile",
                "buenos_aires-argentina",
                "porto_alegre-brazil",
                "são_paulo-brazil",
                "belo_horizonte-brazil"
             ],
            "dates": "http://locahost/api/dates/47"
        },
        {
            "id":46,
            "locations": [
                "san_diego-california-usa",
                "são_paulo-brazil",
                "porto_alegre-brazil",
                "la_plata-argentina",
                "london-uk"
            ],
        "dates": "http://locahost/api/dates/48"
        },
        {
            "id":47,
            "locations": [
                "dubai-united_arab_emirates",
                "willemstad-netherlands_antilles",
                "hollywood-florida-usa",
                "miami-florida-usa",
                "mexico_city-mexico",
                "santiago-chile",
                "são_paulo-brazil",
                "brasilia-brazil"
            ],
            "dates": "http://locahost/api/dates/49"
        },
        {
            "id":48,
            "locations": [
                "fort_worth-texas-usa",
                "tulsa-oklahoma-usa",
                "anaheim-california-usa",
                "chicago-illinois-usa",
                "scheessel-germany",
                "st_gallen-switzerland",
                "gdynia-poland",
                "arras-france"
            ],
            "dates": "http://locahost/api/dates/50"
        },
        {
            "id":49,
            "locations": [
                "seattle-washington-usa",
                "santa_clara-california-usa",
                "pasadena-california-usa",
                "glendale-arizona-usa",
                "miami-florida-usa"
            ],
            "dates": "http://locahost/api/dates/51"
        },
        {
            "id":50,
            "locations": [
                "mexico_city-mexico",
                "são_paulo-brazil",
                "buenos_aires-argentina",
                "santiago-chile",
                "lima-peru"
            ],
            "dates": "http://locahost/api/dates/52"
        },
        {
            "id":51,
            "locations": [
                "bogota-colombia",
                "san_jose-costa_rica",
                "las_vegas-nevada-usa",
                "cambridge-massachusetts-usa",
                "boston-massachusetts-usa",
                "nickelsdorf-austria",
                "milan-italy",
                "lisbon-portugal"
            ],
            "dates": "http://locahost/api/dates/53"
        },
        {
            "id":52,
            "locations": [
                "portland-oregon-usa",
                "vancouver-canada",
                "las_vegas-nevada-usa",
                "aspen-colorado-usa",
                "munich-germany",
                "prague-czech_republic",
                "milan-italy"
            ],
            "dates": "http://locahost/api/dates/54"
        },
        {
            "id":53,
            "locations": [
                "dana_point-california",
                "rio_de_janeiro",
                "los_angeles-california",
                "gulf_shores-alabama",
                "boston-massachusetts ",
                "athens-grece",
                "florence-italia",
                "landgraaf-netherlands"
            ],
             "dates": "http://locahost/api/dates/44"
        },
        {
            "id":54,
            "locations": [
                "dana_point-california",
                "rio_de_janeiro",
                "los_angeles-california",
                "gulf_shores-alabama",
                "boston-massachusetts ",
                "athens-grece",
                "florence-italia",
                "landgraaf-netherlands"
            ],
             "dates": "http://locahost/api/dates/44"
        }
    ]
}